outcome,binary_threshold_manual_effect,binary_threshold_manual_pval,binary_threshold_manual_significant,continuous_change_manual_effect,continuous_change_manual_pval,continuous_change_manual_significant,dose_response_manual_effect,dose_response_manual_pval,dose_response_manual_significant
mort_lung_cancer_asr,-0.5126620434683395,0.019998949768250056,True,0.5223154614834936,0.003177663811987335,True,-0.02743976422883912,0.9596102779970586,False
mort_cvd_asr,-2.669241050140198,0.07397774369244274,False,0.7512323825327002,0.5225045117147306,False,-6.792927576327938,0.1060811370830949,False
mort_ihd_asr,-1.8984853445868017,0.09369581790966058,False,0.3837885515198224,0.6532087929801574,False,-5.137230866161459,0.10119853961043244,False
mort_copd_asr,-0.2622258600459884,0.4022495913285925,False,0.3119802761728805,0.3764758187967966,False,-0.4520176486147217,0.5727357192054603,False
